open,high,low,close,adj_close,volume,company
1955.0,1961.050048828125,1564.0,1564.1500244140625,1564.1500244140625,1006207,PAYTM.BO
1500.0,1518.1500244140625,1271.25,1360.300048828125,1360.300048828125,1911761,PAYTM.BO
1358.0,1525.0,1358.0,1494.949951171875,1494.949951171875,1116756,PAYTM.BO
1504.0,1790.0,1503.300048828125,1753.1500244140625,1753.1500244140625,1664157,PAYTM.BO
1768.0,1875.0,1710.8499755859375,1796.550048828125,1796.550048828125,1230370,PAYTM.BO
1777.0,1832.0,1661.0999755859375,1781.1500244140625,1781.1500244140625,412981,PAYTM.BO
1720.0,1810.0,1700.0,1734.199951171875,1734.199951171875,338638,PAYTM.BO
1734.9000244140625,1769.0999755859375,1679.550048828125,1701.300048828125,1701.300048828125,150734,PAYTM.BO
1707.0,1724.0,1629.0999755859375,1636.550048828125,1636.550048828125,125786,PAYTM.BO
1637.0,1673.449951171875,1592.3499755859375,1600.449951171875,1600.449951171875,62235,PAYTM.BO
1608.050048828125,1697.0,1599.4000244140625,1649.800048828125,1649.800048828125,78345,PAYTM.BO
1656.0,1679.0,1598.199951171875,1603.800048828125,1603.800048828125,62807,PAYTM.BO
1626.9000244140625,1635.0,1571.300048828125,1576.5999755859375,1576.5999755859375,37606,PAYTM.BO
1605.0,1609.0,1550.0,1553.800048828125,1553.800048828125,36003,PAYTM.BO
1553.800048828125,1645.0,1525.0,1594.550048828125,1594.550048828125,237625,PAYTM.BO
1599.9000244140625,1610.0,1563.0,1566.6500244140625,1566.6500244140625,100128,PAYTM.BO
1584.0,1584.0,1547.1500244140625,1554.5,1554.5,30035,PAYTM.BO
1540.0,1553.75,1490.0,1495.449951171875,1495.449951171875,59893,PAYTM.BO
1429.0,1430.0,1297.699951171875,1380.050048828125,1380.050048828125,539887,PAYTM.BO
1416.050048828125,1430.0,1390.5,1399.300048828125,1399.300048828125,228568,PAYTM.BO
1406.0999755859375,1410.4000244140625,1308.1500244140625,1321.9000244140625,1321.9000244140625,109594,PAYTM.BO
1321.0,1328.9000244140625,1290.0999755859375,1304.8499755859375,1304.8499755859375,217688,PAYTM.BO
1310.0,1349.0,1300.0,1310.300048828125,1310.300048828125,121772,PAYTM.BO
1342.6500244140625,1350.0,1331.0999755859375,1343.050048828125,1343.050048828125,50119,PAYTM.BO
1355.0,1384.800048828125,1345.0,1348.8499755859375,1348.8499755859375,130548,PAYTM.BO
1348.8499755859375,1380.0,1330.300048828125,1369.5,1369.5,120761,PAYTM.BO
1368.050048828125,1368.050048828125,1335.9000244140625,1344.75,1344.75,42812,PAYTM.BO
1349.949951171875,1364.0,1345.5,1351.9000244140625,1351.9000244140625,32777,PAYTM.BO
1359.0,1379.5,1340.0,1341.949951171875,1341.949951171875,56156,PAYTM.BO
1334.800048828125,1349.949951171875,1325.25,1327.75,1327.75,62328,PAYTM.BO
1335.0,1347.0,1330.050048828125,1335.0999755859375,1335.0999755859375,23048,PAYTM.BO
1335.0999755859375,1346.449951171875,1335.0999755859375,1339.5999755859375,1339.5999755859375,58292,PAYTM.BO
1346.199951171875,1349.0,1313.3499755859375,1318.3499755859375,1318.3499755859375,54618,PAYTM.BO
1319.0,1325.699951171875,1285.0,1288.6500244140625,1288.6500244140625,192053,PAYTM.BO
1288.6500244140625,1288.699951171875,1250.0,1253.9000244140625,1253.9000244140625,229440,PAYTM.BO
1264.8499755859375,1265.0,1230.0,1231.9000244140625,1231.9000244140625,104675,PAYTM.BO
1226.0,1230.0,1151.0,1157.9000244140625,1157.9000244140625,614250,PAYTM.BO
1165.0,1214.699951171875,1113.5,1119.5,1119.5,338343,PAYTM.BO
1119.5,1133.1500244140625,1075.0,1083.4000244140625,1083.4000244140625,313824,PAYTM.BO
1082.050048828125,1087.5999755859375,1025.550048828125,1031.4000244140625,1031.4000244140625,572943,PAYTM.BO
1021.5499877929688,1127.5,995.0,1118.3499755859375,1118.3499755859375,939619,PAYTM.BO
1125.0999755859375,1147.4000244140625,1094.0,1105.0,1105.0,284777,PAYTM.BO
1105.0,1118.050048828125,1030.0,1042.5,1042.5,212368,PAYTM.BO
1045.0999755859375,1050.550048828125,990.0,997.3499755859375,997.3499755859375,618038,PAYTM.BO
1010.0,1035.800048828125,990.25,994.8499755859375,994.8499755859375,448719,PAYTM.BO
995.0,999.0,952.9500122070312,959.9000244140625,959.9000244140625,225331,PAYTM.BO
962.9500122070312,962.9500122070312,881.5,917.3499755859375,917.3499755859375,435841,PAYTM.BO
905.0,938.25,875.5,915.7000122070312,915.7000122070312,360194,PAYTM.BO
897.2999877929688,912.25,880.0,893.3499755859375,893.3499755859375,304526,PAYTM.BO
904.0,923.9000244140625,900.0,903.25,903.25,128311,PAYTM.BO
921.3499755859375,931.9500122070312,911.1500244140625,917.0499877929688,917.0499877929688,198591,PAYTM.BO
925.0,976.0,921.0499877929688,965.5999755859375,965.5999755859375,561333,PAYTM.BO
974.9000244140625,994.0,950.5999755859375,957.2999877929688,957.2999877929688,131479,PAYTM.BO
959.0,960.0,940.0999755859375,944.6500244140625,944.6500244140625,139904,PAYTM.BO
952.9000244140625,961.9500122070312,945.9000244140625,953.25,953.25,166807,PAYTM.BO
940.0,984.9000244140625,898.9500122070312,957.4000244140625,957.4000244140625,256832,PAYTM.BO
963.0499877929688,978.6500244140625,932.0,937.75,937.75,99100,PAYTM.BO
948.0,954.7999877929688,937.0,940.9000244140625,940.9000244140625,62329,PAYTM.BO
969.0,969.0,936.0,938.3499755859375,938.3499755859375,61515,PAYTM.BO
935.0,935.0,903.0,906.5999755859375,906.5999755859375,187373,PAYTM.BO
872.5999755859375,883.2999877929688,840.0499877929688,851.7000122070312,851.7000122070312,279020,PAYTM.BO
867.5,883.0,855.6500244140625,860.4500122070312,860.4500122070312,232795,PAYTM.BO
865.0,869.7000122070312,845.5499877929688,849.6500244140625,849.6500244140625,63695,PAYTM.BO
847.9500122070312,848.1500244140625,831.0,833.5499877929688,833.5499877929688,81797,PAYTM.BO
830.0,834.6500244140625,801.0,807.0,807.0,235819,PAYTM.BO
803.0,834.2999877929688,782.2999877929688,815.5,815.5,191843,PAYTM.BO
822.0,836.7999877929688,817.0,822.5,822.5,108408,PAYTM.BO
788.0,802.5499877929688,771.1500244140625,777.8499755859375,777.8499755859375,312048,PAYTM.BO
790.0,806.6500244140625,786.0999755859375,789.5499877929688,789.5499877929688,188720,PAYTM.BO
788.7999877929688,806.0,772.25,798.1500244140625,798.1500244140625,156087,PAYTM.BO
790.0,805.9500122070312,784.5,797.5999755859375,797.5999755859375,161591,PAYTM.BO
809.0,816.5,791.75,796.2999877929688,796.2999877929688,143777,PAYTM.BO
788.5999755859375,798.5499877929688,783.0,784.9500122070312,784.9500122070312,109043,PAYTM.BO
774.9500122070312,777.0,751.0,753.5999755859375,753.5999755859375,236294,PAYTM.BO
748.2000122070312,764.9500122070312,728.5,737.8499755859375,737.8499755859375,234008,PAYTM.BO
747.0,759.5499877929688,742.4000244140625,749.7000122070312,749.7000122070312,216138,PAYTM.BO
764.7000122070312,795.8499755859375,761.2999877929688,775.8499755859375,775.8499755859375,146600,PAYTM.BO
772.0,780.9500122070312,767.0,774.7999877929688,774.7999877929688,110560,PAYTM.BO
684.0,719.2000122070312,662.25,675.3499755859375,675.3499755859375,753057,PAYTM.BO
695.0,702.0999755859375,585.0,592.4000244140625,592.4000244140625,1975967,PAYTM.BO
598.0,648.25,572.25,634.4000244140625,634.4000244140625,1710444,PAYTM.BO
634.4000244140625,637.0,590.0,596.2999877929688,596.2999877929688,1308803,PAYTM.BO
596.0,596.0,560.3499755859375,565.3499755859375,565.3499755859375,582481,PAYTM.BO
565.7000122070312,590.5999755859375,541.0,543.9000244140625,543.9000244140625,1134120,PAYTM.BO
550.2000122070312,562.0,520.0,524.4000244140625,524.4000244140625,425482,PAYTM.BO
523.0,594.9500122070312,520.0999755859375,574.3499755859375,574.3499755859375,1537562,PAYTM.BO
578.0,589.0,541.25,546.2000122070312,546.2000122070312,655907,PAYTM.BO
557.0,557.0,532.0999755859375,535.6500244140625,535.6500244140625,430651,PAYTM.BO
536.0499877929688,545.0999755859375,522.5499877929688,524.7000122070312,524.7000122070312,442180,PAYTM.BO
530.5,549.0499877929688,528.7999877929688,541.2000122070312,541.2000122070312,245678,PAYTM.BO
545.0,548.5499877929688,525.1500244140625,528.2000122070312,528.2000122070312,243517,PAYTM.BO
532.0,582.4000244140625,530.6500244140625,570.9500122070312,570.9500122070312,746510,PAYTM.BO
577.0,620.0,572.6500244140625,610.6500244140625,610.6500244140625,843477,PAYTM.BO
613.9500122070312,629.0,603.5,609.2999877929688,609.2999877929688,922976,PAYTM.BO
602.5499877929688,648.9500122070312,594.9500122070312,637.1500244140625,637.1500244140625,1423799,PAYTM.BO
650.0,657.0,617.2000122070312,624.0999755859375,624.0999755859375,418415,PAYTM.BO
629.0,635.0,614.0,617.1500244140625,617.1500244140625,241107,PAYTM.BO
622.0,701.8499755859375,616.3499755859375,688.5999755859375,688.5999755859375,1960561,PAYTM.BO
690.0,719.4000244140625,679.0,697.8499755859375,697.8499755859375,1875797,PAYTM.BO
701.0,720.6500244140625,671.0,688.5,688.5,399929,PAYTM.BO
685.9500122070312,685.9500122070312,655.0499877929688,661.8499755859375,661.8499755859375,294989,PAYTM.BO
675.0,693.9000244140625,633.25,654.5999755859375,654.5999755859375,674651,PAYTM.BO
658.0,674.2999877929688,637.0499877929688,639.5999755859375,639.5999755859375,332601,PAYTM.BO
656.7999877929688,659.0,638.0499877929688,641.25,641.25,263367,PAYTM.BO
642.0,654.9000244140625,622.25,625.7000122070312,625.7000122070312,400510,PAYTM.BO
621.0,621.0,596.5499877929688,599.0499877929688,599.0499877929688,413493,PAYTM.BO
610.0,622.0,604.1500244140625,613.7000122070312,613.7000122070312,257329,PAYTM.BO
607.0,609.7000122070312,590.0,592.0,592.0,342879,PAYTM.BO
597.0,603.9000244140625,580.25,582.2000122070312,582.2000122070312,210560,PAYTM.BO
590.7999877929688,595.0,579.7000122070312,581.4500122070312,581.4500122070312,220754,PAYTM.BO
604.0,608.7999877929688,580.0,582.9000244140625,582.9000244140625,389498,PAYTM.BO
594.2000122070312,594.2000122070312,571.9500122070312,575.0999755859375,575.0999755859375,149470,PAYTM.BO
561.0,575.1500244140625,547.5999755859375,568.1500244140625,568.1500244140625,222282,PAYTM.BO
559.0,562.7000122070312,550.0,555.7999877929688,555.7999877929688,253640,PAYTM.BO
558.7999877929688,572.2000122070312,534.75,545.6500244140625,545.6500244140625,179536,PAYTM.BO
551.8499755859375,553.0,518.5,530.8499755859375,530.8499755859375,260584,PAYTM.BO
523.5999755859375,527.8499755859375,511.0,515.6500244140625,515.6500244140625,271526,PAYTM.BO
520.0,555.5499877929688,517.0999755859375,543.2999877929688,543.2999877929688,266034,PAYTM.BO
551.0,599.0,548.0,591.4500122070312,591.4500122070312,432561,PAYTM.BO
589.9000244140625,603.3499755859375,577.2999877929688,586.2999877929688,586.2999877929688,230303,PAYTM.BO
576.6500244140625,605.6500244140625,576.6500244140625,587.5999755859375,587.5999755859375,347173,PAYTM.BO
569.9000244140625,571.2999877929688,550.0,553.75,553.75,118662,PAYTM.BO
564.9000244140625,581.5999755859375,562.0,575.3499755859375,575.3499755859375,219833,PAYTM.BO
552.4000244140625,631.0,552.4000244140625,620.0,620.0,788512,PAYTM.BO
620.0,651.0,610.0,646.7999877929688,646.7999877929688,739596,PAYTM.BO
648.0,653.3499755859375,572.0,593.0499877929688,593.0499877929688,533726,PAYTM.BO
593.0499877929688,609.9500122070312,575.4000244140625,606.4500122070312,606.4500122070312,293959,PAYTM.BO
606.4500122070312,623.6500244140625,603.5,616.6500244140625,616.6500244140625,281771,PAYTM.BO
620.0,647.0,620.0,643.5,643.5,375368,PAYTM.BO
640.0,664.3499755859375,633.75,652.9000244140625,652.9000244140625,467835,PAYTM.BO
654.5,676.5,648.9500122070312,654.8499755859375,654.8499755859375,197277,PAYTM.BO
653.0999755859375,661.2000122070312,632.0999755859375,634.5499877929688,634.5499877929688,261463,PAYTM.BO
649.0,649.0,620.7999877929688,623.1500244140625,623.1500244140625,220760,PAYTM.BO
621.0,621.0,603.6500244140625,614.5999755859375,614.5999755859375,120365,PAYTM.BO
619.7000122070312,627.9500122070312,614.0499877929688,617.4000244140625,617.4000244140625,185550,PAYTM.BO
623.9000244140625,639.0,608.6500244140625,614.5999755859375,614.5999755859375,187940,PAYTM.BO
615.0,631.75,609.25,623.3499755859375,623.3499755859375,185871,PAYTM.BO
615.0,620.25,594.0499877929688,600.5999755859375,600.5999755859375,203369,PAYTM.BO
586.2999877929688,597.2000122070312,578.5,583.0999755859375,583.0999755859375,208312,PAYTM.BO
583.0999755859375,612.0,583.0999755859375,606.4000244140625,606.4000244140625,288303,PAYTM.BO
616.0,625.0,613.0,616.4500122070312,616.4500122070312,147925,PAYTM.BO
628.0,645.0,607.5999755859375,613.0,613.0,279809,PAYTM.BO
606.8499755859375,648.0,600.4000244140625,629.0999755859375,629.0999755859375,333947,PAYTM.BO
642.0,653.1500244140625,620.0,644.3499755859375,644.3499755859375,233907,PAYTM.BO
652.2000122070312,658.2999877929688,632.2000122070312,638.2000122070312,638.2000122070312,206945,PAYTM.BO
640.0,640.0,618.3499755859375,621.7000122070312,621.7000122070312,82752,PAYTM.BO
622.0,634.2999877929688,622.0,627.7000122070312,627.7000122070312,163097,PAYTM.BO
630.0,653.7000122070312,630.0,647.9500122070312,647.9500122070312,179638,PAYTM.BO
652.4000244140625,710.0,652.4000244140625,702.1500244140625,702.1500244140625,389580,PAYTM.BO
703.0,723.5499877929688,701.2000122070312,706.9000244140625,706.9000244140625,693894,PAYTM.BO
697.0,713.5999755859375,690.0,705.75,705.75,177065,PAYTM.BO
706.0999755859375,717.2000122070312,660.0,675.7999877929688,675.7999877929688,302949,PAYTM.BO
674.9000244140625,675.0499877929688,652.25,657.2999877929688,657.2999877929688,230265,PAYTM.BO
657.5,669.0,632.1500244140625,644.6500244140625,644.6500244140625,249534,PAYTM.BO
648.0,661.9000244140625,643.0,655.3499755859375,655.3499755859375,128974,PAYTM.BO
655.3499755859375,697.0,655.3499755859375,691.3499755859375,691.3499755859375,211540,PAYTM.BO
698.0,704.6500244140625,686.1500244140625,690.25,690.25,253217,PAYTM.BO
693.0,705.9000244140625,692.4500122070312,699.0999755859375,699.0999755859375,94252,PAYTM.BO
704.9000244140625,718.9500122070312,697.4500122070312,709.3499755859375,709.3499755859375,292806,PAYTM.BO
710.0,710.0499877929688,692.2000122070312,696.1500244140625,696.1500244140625,81523,PAYTM.BO
702.0,718.5,702.0,707.7999877929688,707.7999877929688,115100,PAYTM.BO
709.0,739.0,708.8499755859375,717.9000244140625,717.9000244140625,493577,PAYTM.BO
721.2000122070312,728.5999755859375,698.7999877929688,708.6500244140625,708.6500244140625,132955,PAYTM.BO
717.2999877929688,734.9000244140625,708.6500244140625,731.2999877929688,731.2999877929688,120654,PAYTM.BO
732.0,743.0499877929688,725.8499755859375,737.5999755859375,737.5999755859375,205595,PAYTM.BO
744.4500122070312,744.5,731.5999755859375,736.9000244140625,736.9000244140625,168998,PAYTM.BO
738.0999755859375,749.4000244140625,735.0,744.9500122070312,744.9500122070312,171327,PAYTM.BO
744.9500122070312,749.4000244140625,736.7999877929688,743.0999755859375,743.0999755859375,73042,PAYTM.BO
741.25,763.0,726.25,757.75,757.75,237296,PAYTM.BO
753.2999877929688,759.0999755859375,678.4000244140625,699.4500122070312,699.4500122070312,333180,PAYTM.BO
698.0,719.0,691.0499877929688,713.6500244140625,713.6500244140625,227654,PAYTM.BO
718.7999877929688,721.9000244140625,709.0,715.6500244140625,715.6500244140625,64105,PAYTM.BO
720.0,728.0,580.0,674.75,674.75,127371,PAYTM.BO
706.6500244140625,751.8499755859375,706.6500244140625,745.0,745.0,166104,PAYTM.BO
744.9000244140625,770.0,738.75,754.2000122070312,754.2000122070312,335030,PAYTM.BO
757.2000122070312,814.5499877929688,741.3499755859375,804.1500244140625,804.1500244140625,421828,PAYTM.BO
806.0,825.25,779.7999877929688,809.5499877929688,809.5499877929688,293484,PAYTM.BO
813.5,816.7000122070312,775.1500244140625,783.6500244140625,783.6500244140625,294717,PAYTM.BO
783.6500244140625,844.4000244140625,778.0,834.2999877929688,834.2999877929688,645895,PAYTM.BO
839.2999877929688,840.6500244140625,821.0499877929688,827.0499877929688,827.0499877929688,169355,PAYTM.BO
833.0,841.5,820.0,825.5,825.5,157437,PAYTM.BO
820.0,820.0,775.0,787.1500244140625,787.1500244140625,403543,PAYTM.BO
791.7999877929688,798.2999877929688,780.1500244140625,783.4000244140625,783.4000244140625,131688,PAYTM.BO
786.0,799.9000244140625,782.1500244140625,784.5,784.5,76547,PAYTM.BO
786.5,794.5999755859375,782.5,786.4500122070312,786.4500122070312,66065,PAYTM.BO
792.9000244140625,792.9000244140625,767.25,771.8499755859375,771.8499755859375,139599,PAYTM.BO
786.5499877929688,800.0499877929688,773.1500244140625,776.5999755859375,776.5999755859375,186429,PAYTM.BO
776.0,784.4500122070312,772.0,776.1500244140625,776.1500244140625,88557,PAYTM.BO
776.7000122070312,781.0999755859375,766.1500244140625,768.7000122070312,768.7000122070312,63018,PAYTM.BO
772.0,780.2999877929688,766.5499877929688,768.5999755859375,768.5999755859375,91039,PAYTM.BO
770.0,777.0,760.0999755859375,761.8499755859375,761.8499755859375,37982,PAYTM.BO
742.0,746.8499755859375,721.25,726.0999755859375,726.0999755859375,70208,PAYTM.BO
735.5499877929688,738.9000244140625,714.1500244140625,717.75,717.75,63582,PAYTM.BO
717.75,736.0499877929688,717.2999877929688,732.3499755859375,732.3499755859375,53232,PAYTM.BO
730.0,739.0,725.1500244140625,727.5499877929688,727.5499877929688,43093,PAYTM.BO
700.0,718.1500244140625,681.2000122070312,708.5999755859375,708.5999755859375,254089,PAYTM.BO
711.0499877929688,724.75,706.2999877929688,708.9500122070312,708.9500122070312,89579,PAYTM.BO
706.0499877929688,715.6500244140625,703.2999877929688,706.7999877929688,706.7999877929688,62502,PAYTM.BO
712.0,718.9500122070312,705.1500244140625,707.0,707.0,102354,PAYTM.BO
710.0999755859375,739.8499755859375,708.3499755859375,727.8499755859375,727.8499755859375,204390,PAYTM.BO
727.8499755859375,747.75,725.25,737.7000122070312,737.7000122070312,103325,PAYTM.BO
737.0,743.2999877929688,733.2000122070312,735.2999877929688,735.2999877929688,121962,PAYTM.BO
719.7999877929688,732.5999755859375,712.0999755859375,725.75,725.75,74793,PAYTM.BO
730.0,736.9000244140625,719.7999877929688,729.9000244140625,729.9000244140625,95743,PAYTM.BO
728.0,731.2999877929688,687.5999755859375,717.4000244140625,717.4000244140625,219866,PAYTM.BO
717.0,724.0999755859375,702.7999877929688,706.5999755859375,706.5999755859375,48278,PAYTM.BO
712.0,714.9500122070312,692.0999755859375,697.75,697.75,45209,PAYTM.BO
699.0,704.75,680.0,684.4000244140625,684.4000244140625,103013,PAYTM.BO
682.0,692.3499755859375,680.4000244140625,684.5999755859375,684.5999755859375,32949,PAYTM.BO
702.9000244140625,707.9000244140625,688.2000122070312,692.4500122070312,692.4500122070312,72304,PAYTM.BO
689.0,693.3499755859375,651.2999877929688,657.25,657.25,61977,PAYTM.BO
666.9500122070312,671.9500122070312,657.0,659.75,659.75,36983,PAYTM.BO
659.75,664.0999755859375,639.0499877929688,644.9000244140625,644.9000244140625,92598,PAYTM.BO
651.7999877929688,655.0,627.5999755859375,632.5,632.5,70248,PAYTM.BO
635.9500122070312,649.0,631.25,637.7999877929688,637.7999877929688,160170,PAYTM.BO
645.0,665.9500122070312,641.25,660.5999755859375,660.5999755859375,97004,PAYTM.BO
675.0,676.9000244140625,664.0,674.75,674.75,88152,PAYTM.BO
678.9500122070312,693.7999877929688,676.5,688.0499877929688,688.0499877929688,46277,PAYTM.BO
688.25,711.0,686.5999755859375,707.8499755859375,707.8499755859375,69187,PAYTM.BO
705.0499877929688,745.0,702.4500122070312,727.3499755859375,727.3499755859375,268867,PAYTM.BO
729.0,737.3499755859375,705.0,708.0499877929688,708.0499877929688,106024,PAYTM.BO
711.0499877929688,715.0,696.9000244140625,701.0499877929688,701.0499877929688,44791,PAYTM.BO
702.6500244140625,705.5499877929688,683.7000122070312,686.25,686.25,65913,PAYTM.BO
698.8499755859375,698.8499755859375,678.0,681.3499755859375,681.3499755859375,68552,PAYTM.BO
672.7999877929688,680.0,670.9500122070312,672.7000122070312,672.7000122070312,53982,PAYTM.BO
677.0,680.9500122070312,660.0499877929688,662.9000244140625,662.9000244140625,68561,PAYTM.BO
665.0,665.2000122070312,651.0499877929688,652.4000244140625,652.4000244140625,69272,PAYTM.BO
650.0,651.5,631.0,632.8499755859375,632.8499755859375,62433,PAYTM.BO
637.0,643.8499755859375,624.6500244140625,629.4000244140625,629.4000244140625,118111,PAYTM.BO
641.5,643.5,633.7000122070312,637.4500122070312,637.4500122070312,9918,PAYTM.BO
637.7999877929688,659.3499755859375,631.7999877929688,656.0999755859375,656.0999755859375,76179,PAYTM.BO
658.0999755859375,663.7000122070312,646.0999755859375,650.8499755859375,650.8499755859375,69544,PAYTM.BO
651.2000122070312,653.8499755859375,638.9000244140625,642.6500244140625,642.6500244140625,90685,PAYTM.BO
643.0999755859375,645.9000244140625,635.5,638.25,638.25,35445,PAYTM.BO
640.0,659.0499877929688,639.9500122070312,643.5,643.5,74835,PAYTM.BO
641.2000122070312,651.0999755859375,640.5,642.25,642.25,57932,PAYTM.BO
640.4500122070312,648.5499877929688,637.5,643.1500244140625,643.1500244140625,22870,PAYTM.BO
643.8499755859375,654.5,643.7999877929688,650.2000122070312,650.2000122070312,90771,PAYTM.BO
650.5,658.75,645.75,651.9500122070312,651.9500122070312,35053,PAYTM.BO
652.5,668.4500122070312,640.25,643.4500122070312,643.4500122070312,129225,PAYTM.BO
641.0499877929688,645.5499877929688,624.0,626.8499755859375,626.8499755859375,41847,PAYTM.BO
630.0999755859375,644.2000122070312,628.5,632.2999877929688,632.2999877929688,38320,PAYTM.BO
640.0,654.0,634.5499877929688,638.5999755859375,638.5999755859375,79386,PAYTM.BO
634.9500122070312,639.9000244140625,624.5,626.0999755859375,626.0999755859375,493750,PAYTM.BO
625.9000244140625,626.9000244140625,600.0,601.5499877929688,601.5499877929688,186785,PAYTM.BO
563.25,565.5,535.2000122070312,539.5499877929688,539.5499877929688,4323679,PAYTM.BO
541.0,553.0,527.5,546.2999877929688,546.2999877929688,536007,PAYTM.BO
546.2999877929688,553.0,532.0499877929688,536.2000122070312,536.2000122070312,127525,PAYTM.BO
537.0,537.0,474.29998779296875,477.1000061035156,477.1000061035156,1451521,PAYTM.BO
478.04998779296875,488.3500061035156,440.3500061035156,452.29998779296875,452.29998779296875,1716303,PAYTM.BO
457.0,466.8999938964844,439.6000061035156,441.04998779296875,441.04998779296875,748409,PAYTM.BO
454.0,474.95001220703125,448.0,464.79998779296875,464.79998779296875,959503,PAYTM.BO
446.75,479.25,444.3500061035156,461.75,461.75,748701,PAYTM.BO
474.5,486.54998779296875,471.5,484.1000061035156,484.1000061035156,951219,PAYTM.BO
484.1000061035156,488.3500061035156,477.3500061035156,481.6499938964844,481.6499938964844,505931,PAYTM.BO
486.0,504.79998779296875,485.1499938964844,501.5,501.5,640805,PAYTM.BO
506.0,543.4500122070312,506.0,536.9000244140625,536.9000244140625,1462419,PAYTM.BO
544.0,548.8499755859375,521.0999755859375,523.4500122070312,523.4500122070312,621725,PAYTM.BO
522.0,527.9500122070312,512.5999755859375,514.4500122070312,514.4500122070312,433002,PAYTM.BO
515.1500244140625,523.3499755859375,506.29998779296875,509.8500061035156,509.8500061035156,198631,PAYTM.BO
510.0,517.0,506.25,508.3999938964844,508.3999938964844,159972,PAYTM.BO
542.0,547.5,527.5999755859375,545.0,545.0,1679070,PAYTM.BO
544.0,554.7000122070312,520.5999755859375,528.0999755859375,528.0999755859375,691772,PAYTM.BO
534.0,545.0,533.25,539.5,539.5,269547,PAYTM.BO
548.9500122070312,548.9500122070312,525.5999755859375,529.1500244140625,529.1500244140625,621687,PAYTM.BO
533.0,536.9500122070312,530.0999755859375,532.0499877929688,532.0499877929688,137505,PAYTM.BO
525.1500244140625,533.9000244140625,524.0,527.7999877929688,527.7999877929688,253814,PAYTM.BO
528.0,532.0,522.1500244140625,523.5499877929688,523.5499877929688,93917,PAYTM.BO
523.0,529.0499877929688,523.0,526.4000244140625,526.4000244140625,146743,PAYTM.BO
528.0999755859375,532.0,515.0,517.2000122070312,517.2000122070312,93433,PAYTM.BO
518.2999877929688,522.3499755859375,504.70001220703125,506.5,506.5,272201,PAYTM.BO
500.1499938964844,503.6499938964844,472.0,476.3999938964844,476.3999938964844,158716,PAYTM.BO
476.79998779296875,511.0,476.79998779296875,503.79998779296875,503.79998779296875,290761,PAYTM.BO
505.6000061035156,517.7000122070312,505.6000061035156,512.9500122070312,512.9500122070312,81226,PAYTM.BO
514.4000244140625,541.5,511.04998779296875,535.5,535.5,497697,PAYTM.BO
528.2999877929688,534.0,523.2999877929688,527.2000122070312,527.2000122070312,88651,PAYTM.BO
530.0,540.7000122070312,528.1500244140625,530.7999877929688,530.7999877929688,145499,PAYTM.BO
529.6500244140625,536.5,527.0499877929688,531.9000244140625,531.9000244140625,59216,PAYTM.BO
532.0499877929688,536.4000244140625,532.0,535.2000122070312,535.2000122070312,69810,PAYTM.BO
535.0,545.0,532.0,540.1500244140625,540.1500244140625,145571,PAYTM.BO
541.0,543.0999755859375,533.7999877929688,541.25,541.25,73871,PAYTM.BO
539.4000244140625,563.5999755859375,539.4000244140625,550.7000122070312,550.7000122070312,225502,PAYTM.BO
566.2000122070312,574.0,562.0499877929688,563.6500244140625,563.6500244140625,175442,PAYTM.BO
563.6500244140625,581.0499877929688,554.0,574.75,574.75,187497,PAYTM.BO
574.7999877929688,583.9500122070312,571.9000244140625,579.5,579.5,134207,PAYTM.BO
570.0,578.6500244140625,528.3499755859375,542.25,542.25,2896275,PAYTM.BO
544.9500122070312,565.0,533.5499877929688,559.9000244140625,559.9000244140625,281464,PAYTM.BO
559.9000244140625,565.25,549.75,553.0999755859375,553.0999755859375,164213,PAYTM.BO
555.0,557.0,523.0,526.6500244140625,526.6500244140625,208625,PAYTM.BO
530.0,535.9500122070312,529.4000244140625,531.4000244140625,531.4000244140625,184887,PAYTM.BO
534.9500122070312,535.5499877929688,530.0,532.3499755859375,532.3499755859375,78798,PAYTM.BO
534.0,554.9500122070312,532.6500244140625,550.75,550.75,397241,PAYTM.BO
550.0,567.7000122070312,536.5499877929688,543.9500122070312,543.9500122070312,155891,PAYTM.BO
546.0499877929688,556.1500244140625,540.0,542.9500122070312,542.9500122070312,115181,PAYTM.BO
544.0499877929688,546.4500122070312,528.5499877929688,533.0499877929688,533.0499877929688,112794,PAYTM.BO
538.0,540.9500122070312,508.1499938964844,513.5499877929688,513.5499877929688,260416,PAYTM.BO
513.5499877929688,536.0,502.6499938964844,533.5499877929688,533.5499877929688,228507,PAYTM.BO
535.0,537.2000122070312,527.5,531.0,531.0,52303,PAYTM.BO
535.0,543.4000244140625,516.0,523.8499755859375,523.8499755859375,236266,PAYTM.BO
525.0499877929688,547.9500122070312,525.0,545.7999877929688,545.7999877929688,140454,PAYTM.BO
547.0,548.3499755859375,523.0,524.9000244140625,524.9000244140625,203913,PAYTM.BO
550.0,566.0,544.0499877929688,558.0,558.0,312474,PAYTM.BO
558.2999877929688,669.5999755859375,558.0,589.25,589.25,932255,PAYTM.BO
613.0,697.9000244140625,613.0,677.5999755859375,677.5999755859375,2438266,PAYTM.BO
684.9000244140625,738.5999755859375,666.5499877929688,712.5499877929688,712.5499877929688,3196720,PAYTM.BO
706.5499877929688,706.5999755859375,645.3499755859375,650.2000122070312,650.2000122070312,1961605,PAYTM.BO
650.2000122070312,679.0,647.75,653.6500244140625,653.6500244140625,388051,PAYTM.BO
654.0,655.25,637.1500244140625,642.5499877929688,642.5499877929688,119994,PAYTM.BO
639.0,650.0,633.7999877929688,639.8499755859375,639.8499755859375,79678,PAYTM.BO
640.0,650.0,623.2000122070312,629.4000244140625,629.4000244140625,125112,PAYTM.BO
628.0,639.9000244140625,621.0999755859375,626.2999877929688,626.2999877929688,187116,PAYTM.BO
623.0999755859375,633.2999877929688,621.2000122070312,630.5999755859375,630.5999755859375,118477,PAYTM.BO
630.0499877929688,636.75,616.7000122070312,622.5499877929688,622.5499877929688,177095,PAYTM.BO
622.1500244140625,628.0,604.2000122070312,608.0499877929688,608.0499877929688,106386,PAYTM.BO
609.2000122070312,621.9000244140625,601.5499877929688,606.75,606.75,141462,PAYTM.BO
607.0499877929688,637.9500122070312,605.25,623.25,623.25,508167,PAYTM.BO
639.9000244140625,655.2999877929688,626.9000244140625,634.5499877929688,634.5499877929688,468515,PAYTM.BO
632.4000244140625,633.5,578.5499877929688,597.2000122070312,597.2000122070312,449360,PAYTM.BO
600.5,615.7000122070312,600.0,608.5,608.5,168109,PAYTM.BO
610.0,613.5,601.4500122070312,604.4500122070312,604.4500122070312,157950,PAYTM.BO
598.2999877929688,634.0,598.2999877929688,628.0499877929688,628.0499877929688,426736,PAYTM.BO
630.0,635.3499755859375,620.9500122070312,625.2999877929688,625.2999877929688,223732,PAYTM.BO
623.1500244140625,624.0,613.0,620.4000244140625,620.4000244140625,75274,PAYTM.BO
622.1500244140625,625.4500122070312,603.2000122070312,606.25,606.25,161592,PAYTM.BO
605.0,605.0,589.25,593.0999755859375,593.0999755859375,262018,PAYTM.BO
591.0499877929688,612.6500244140625,577.25,580.9000244140625,580.9000244140625,462278,PAYTM.BO
582.0999755859375,597.5,576.0999755859375,579.25,579.25,321572,PAYTM.BO
585.0499877929688,593.5,570.0,573.9500122070312,573.9500122070312,138554,PAYTM.BO
573.0,577.7000122070312,563.0,571.4000244140625,571.4000244140625,260680,PAYTM.BO
579.75,585.3499755859375,570.5499877929688,578.5,578.5,101665,PAYTM.BO
559.75,577.0,556.2999877929688,559.25,559.25,232833,PAYTM.BO
564.4500122070312,586.7999877929688,564.4500122070312,584.4000244140625,584.4000244140625,366162,PAYTM.BO
585.25,630.0,585.2000122070312,624.5499877929688,624.5499877929688,735650,PAYTM.BO
628.0,638.7999877929688,618.0,622.5,622.5,522764,PAYTM.BO
619.0,628.5,615.7999877929688,619.2999877929688,619.2999877929688,219099,PAYTM.BO
621.2000122070312,638.0499877929688,618.8499755859375,621.2999877929688,621.2999877929688,187762,PAYTM.BO
638.0,638.5999755859375,611.0,617.5,617.5,183692,PAYTM.BO
619.0,635.8499755859375,611.2000122070312,629.7000122070312,629.7000122070312,299864,PAYTM.BO
627.5499877929688,655.7999877929688,623.9500122070312,637.0,637.0,557807,PAYTM.BO
640.0,642.4500122070312,631.0,638.9500122070312,638.9500122070312,167501,PAYTM.BO
637.2000122070312,648.0,637.2000122070312,640.5999755859375,640.5999755859375,86717,PAYTM.BO
640.5999755859375,655.7000122070312,637.5499877929688,646.0,646.0,123906,PAYTM.BO
646.5,663.5,645.7999877929688,655.2000122070312,655.2000122070312,3240887,PAYTM.BO
658.0499877929688,666.8499755859375,653.7999877929688,657.7000122070312,657.7000122070312,96561,PAYTM.BO
658.2000122070312,662.2000122070312,644.3499755859375,648.2999877929688,648.2999877929688,146716,PAYTM.BO
650.0,653.5999755859375,642.5,651.1500244140625,651.1500244140625,107585,PAYTM.BO
650.0,650.0,637.0,645.5999755859375,645.5999755859375,130559,PAYTM.BO
645.0,654.0999755859375,641.0999755859375,644.0499877929688,644.0499877929688,78877,PAYTM.BO
646.2999877929688,651.9500122070312,640.9500122070312,644.3499755859375,644.3499755859375,58356,PAYTM.BO
648.0,669.0,648.0,656.9000244140625,656.9000244140625,361726,PAYTM.BO
659.9000244140625,660.6500244140625,648.0,654.7000122070312,654.7000122070312,128010,PAYTM.BO
655.0499877929688,668.0,655.0499877929688,663.9500122070312,663.9500122070312,87580,PAYTM.BO
664.6500244140625,674.0499877929688,643.9000244140625,647.9000244140625,647.9000244140625,221320,PAYTM.BO
650.0,652.9500122070312,644.0999755859375,648.25,648.25,47145,PAYTM.BO
648.0499877929688,649.6500244140625,641.0499877929688,643.6500244140625,643.6500244140625,100718,PAYTM.BO
648.0,657.0,641.25,653.9000244140625,653.9000244140625,134446,PAYTM.BO
659.9000244140625,675.5999755859375,657.25,660.8499755859375,660.8499755859375,220387,PAYTM.BO
661.0,673.0,655.0,661.7999877929688,661.7999877929688,199949,PAYTM.BO
665.0499877929688,672.9000244140625,662.4500122070312,671.0,671.0,72830,PAYTM.BO
671.0,697.5499877929688,670.5,689.4500122070312,689.4500122070312,678056,PAYTM.BO
698.0,729.3499755859375,697.5499877929688,723.5999755859375,723.5999755859375,596371,PAYTM.BO
725.3499755859375,741.9500122070312,701.4500122070312,707.2000122070312,707.2000122070312,734604,PAYTM.BO
708.5499877929688,732.0,700.1500244140625,727.5999755859375,727.5999755859375,267987,PAYTM.BO
730.0,731.5,694.0999755859375,698.4000244140625,698.4000244140625,297187,PAYTM.BO
698.4000244140625,706.0999755859375,682.75,687.8499755859375,687.8499755859375,233764,PAYTM.BO
687.0499877929688,716.7999877929688,687.0499877929688,712.75,712.75,338135,PAYTM.BO
712.75,726.25,710.7000122070312,723.3499755859375,723.3499755859375,136728,PAYTM.BO
725.0499877929688,729.4500122070312,717.0499877929688,721.7000122070312,721.7000122070312,161652,PAYTM.BO
709.2999877929688,714.6500244140625,701.0499877929688,710.0999755859375,710.0999755859375,64115,PAYTM.BO
722.6500244140625,722.9500122070312,704.0,707.0,707.0,81380,PAYTM.BO
707.1500244140625,722.75,705.25,719.5499877929688,719.5499877929688,191728,PAYTM.BO
716.5,718.7999877929688,710.0,715.4500122070312,715.4500122070312,41679,PAYTM.BO
715.0499877929688,728.0,711.0499877929688,714.0499877929688,714.0499877929688,99107,PAYTM.BO
714.0999755859375,720.0,704.5,706.0499877929688,706.0499877929688,121301,PAYTM.BO
705.1500244140625,707.0999755859375,696.6500244140625,701.2999877929688,701.2999877929688,31903,PAYTM.BO
696.5999755859375,700.0999755859375,692.7000122070312,696.7000122070312,696.7000122070312,90048,PAYTM.BO
697.0,706.0,694.9000244140625,702.0499877929688,702.0499877929688,47380,PAYTM.BO
703.5,721.5499877929688,703.0999755859375,717.5499877929688,717.5499877929688,254313,PAYTM.BO
724.0,725.4500122070312,709.4500122070312,714.0499877929688,714.0499877929688,145983,PAYTM.BO
714.1500244140625,718.1500244140625,707.0,709.5999755859375,709.5999755859375,33163,PAYTM.BO
710.5499877929688,729.9500122070312,710.5499877929688,727.0,727.0,281135,PAYTM.BO
735.5,785.5,735.5,772.3499755859375,772.3499755859375,1090816,PAYTM.BO
778.0,821.7000122070312,775.4000244140625,814.7999877929688,814.7999877929688,925091,PAYTM.BO
817.8499755859375,819.1500244140625,793.5,811.9500122070312,811.9500122070312,386941,PAYTM.BO
812.2999877929688,839.0,808.4500122070312,833.0,833.0,254726,PAYTM.BO
834.0499877929688,863.9500122070312,834.0,856.6500244140625,856.6500244140625,311636,PAYTM.BO
854.0,898.2999877929688,847.6500244140625,892.9000244140625,892.9000244140625,499863,PAYTM.BO
892.9000244140625,909.25,874.0,895.5,895.5,576287,PAYTM.BO
895.0,915.0,861.2999877929688,870.75,870.75,437356,PAYTM.BO
874.1500244140625,899.2999877929688,865.5,895.2999877929688,895.2999877929688,175972,PAYTM.BO
895.0,900.4500122070312,867.1500244140625,872.9500122070312,872.9500122070312,101454,PAYTM.BO
873.8499755859375,884.9500122070312,861.5999755859375,866.8499755859375,866.8499755859375,183823,PAYTM.BO
867.0499877929688,870.9000244140625,834.4500122070312,841.1500244140625,841.1500244140625,225654,PAYTM.BO
841.1500244140625,857.0,834.0,838.6500244140625,838.6500244140625,81402,PAYTM.BO
841.5499877929688,858.0,839.0,852.7999877929688,852.7999877929688,139747,PAYTM.BO
855.0999755859375,862.5499877929688,843.2000122070312,849.5,849.5,153720,PAYTM.BO
849.5499877929688,870.5,849.5499877929688,868.0499877929688,868.0499877929688,72045,PAYTM.BO
868.0,868.0,849.5,850.7000122070312,850.7000122070312,107845,PAYTM.BO
850.7000122070312,855.0,819.0,823.5,823.5,185307,PAYTM.BO
843.0,853.7999877929688,839.5499877929688,851.3499755859375,851.3499755859375,61788,PAYTM.BO
854.0,864.5999755859375,848.2000122070312,862.5499877929688,862.5499877929688,135871,PAYTM.BO
842.0999755859375,851.5499877929688,825.5,843.0,843.0,144019,PAYTM.BO
843.0,854.4500122070312,830.9000244140625,851.0999755859375,851.0999755859375,118581,PAYTM.BO
850.0499877929688,852.7999877929688,829.2999877929688,843.5499877929688,843.5499877929688,101769,PAYTM.BO
843.5499877929688,857.0,795.5999755859375,801.7999877929688,801.7999877929688,365032,PAYTM.BO
790.0,798.2999877929688,775.2999877929688,788.0499877929688,788.0499877929688,117175,PAYTM.BO
771.1500244140625,778.7000122070312,755.0,762.75,762.75,128444,PAYTM.BO
777.9000244140625,781.5,764.25,767.3499755859375,767.3499755859375,127436,PAYTM.BO
785.0,799.4000244140625,776.5,795.4500122070312,795.4500122070312,385177,PAYTM.BO
860.5499877929688,887.5499877929688,835.5,850.75,850.75,444380,PAYTM.BO
840.0,849.7000122070312,827.0499877929688,830.4000244140625,830.4000244140625,195809,PAYTM.BO
829.0,845.9000244140625,825.25,838.5,838.5,82651,PAYTM.BO
838.0,867.9500122070312,833.5999755859375,857.9000244140625,857.9000244140625,114964,PAYTM.BO
857.9000244140625,873.2000122070312,852.9000244140625,864.0499877929688,864.0499877929688,85719,PAYTM.BO
864.0,869.2999877929688,841.0,863.5499877929688,863.5499877929688,78819,PAYTM.BO
856.0499877929688,881.0,855.0999755859375,874.4500122070312,874.4500122070312,56030,PAYTM.BO
877.75,890.0,863.7999877929688,866.2000122070312,866.2000122070312,185376,PAYTM.BO
863.25,874.3499755859375,853.2000122070312,859.75,859.75,142976,PAYTM.BO
842.75,855.6500244140625,830.0499877929688,837.9000244140625,837.9000244140625,88384,PAYTM.BO
840.0499877929688,861.6500244140625,840.0499877929688,857.1500244140625,857.1500244140625,59763,PAYTM.BO
857.4000244140625,916.25,857.4000244140625,905.5999755859375,905.5999755859375,275249,PAYTM.BO
925.0499877929688,931.0,899.0,904.2000122070312,904.2000122070312,399554,PAYTM.BO
915.0,939.0,888.0,899.2999877929688,899.2999877929688,23050230,PAYTM.BO
902.6500244140625,904.9000244140625,866.0499877929688,882.5499877929688,882.5499877929688,316168,PAYTM.BO
883.0,883.0,850.0,852.9000244140625,852.9000244140625,175116,PAYTM.BO
857.3499755859375,867.25,852.9000244140625,861.7000122070312,861.7000122070312,232575,PAYTM.BO
864.9000244140625,865.5,852.0,853.5999755859375,853.5999755859375,48613,PAYTM.BO
854.1500244140625,874.0999755859375,850.2999877929688,857.2000122070312,857.2000122070312,69671,PAYTM.BO
858.0999755859375,864.4500122070312,849.8499755859375,856.7999877929688,856.7999877929688,86589,PAYTM.BO
863.0499877929688,888.5999755859375,863.0499877929688,880.9000244140625,880.9000244140625,239869,PAYTM.BO
885.0,902.5999755859375,883.2000122070312,898.7999877929688,898.7999877929688,116133,PAYTM.BO
900.0499877929688,905.0,883.0,894.1500244140625,894.1500244140625,172069,PAYTM.BO
892.2000122070312,919.0,883.7999877929688,904.25,904.25,92705,PAYTM.BO
915.0499877929688,919.8499755859375,896.0,904.2000122070312,904.2000122070312,90164,PAYTM.BO
906.0,913.2999877929688,855.0,864.9500122070312,864.9500122070312,161971,PAYTM.BO
869.75,877.7000122070312,825.3499755859375,838.2999877929688,838.2999877929688,297084,PAYTM.BO
851.0,867.0,847.2000122070312,855.7999877929688,855.7999877929688,157624,PAYTM.BO
856.0499877929688,895.0,856.0499877929688,883.6500244140625,883.6500244140625,184180,PAYTM.BO
882.9500122070312,885.1500244140625,870.0,873.25,873.25,70055,PAYTM.BO
862.0499877929688,863.5,850.2000122070312,853.0999755859375,853.0999755859375,135865,PAYTM.BO
850.1500244140625,858.5,835.2999877929688,839.8499755859375,839.8499755859375,53090,PAYTM.BO
845.0,854.0,835.0,850.5499877929688,850.5499877929688,53436,PAYTM.BO
845.0,873.2999877929688,834.0999755859375,848.0,848.0,252300,PAYTM.BO
845.0499877929688,856.3499755859375,842.5499877929688,852.1500244140625,852.1500244140625,38307,PAYTM.BO
852.2000122070312,856.7999877929688,848.0499877929688,853.25,853.25,50083,PAYTM.BO
851.0,857.3499755859375,847.5499877929688,854.0999755859375,854.0999755859375,72715,PAYTM.BO
858.0,861.6500244140625,854.5,857.2000122070312,857.2000122070312,103833,PAYTM.BO
857.1500244140625,880.3499755859375,855.3499755859375,876.6500244140625,876.6500244140625,56606,PAYTM.BO
874.0,875.0999755859375,850.0499877929688,862.9000244140625,862.9000244140625,117634,PAYTM.BO
865.0,901.5,863.75,896.0999755859375,896.0999755859375,63987,PAYTM.BO
897.0499877929688,936.0,897.0499877929688,927.9000244140625,927.9000244140625,595153,PAYTM.BO
915.2999877929688,928.2999877929688,896.1500244140625,905.0,905.0,121258,PAYTM.BO
913.8499755859375,954.5999755859375,910.1500244140625,949.5,949.5,240721,PAYTM.BO
949.5,978.0,946.5499877929688,971.9000244140625,971.9000244140625,186917,PAYTM.BO
984.9000244140625,984.9000244140625,951.7999877929688,957.5999755859375,957.5999755859375,146288,PAYTM.BO
949.0,967.0,929.0,932.9000244140625,932.9000244140625,155681,PAYTM.BO
935.6500244140625,943.5499877929688,925.0999755859375,939.3499755859375,939.3499755859375,52348,PAYTM.BO
942.5499877929688,946.5,928.0,941.9000244140625,941.9000244140625,111742,PAYTM.BO
941.9500122070312,951.0,935.0499877929688,948.0499877929688,948.0499877929688,116682,PAYTM.BO
955.9000244140625,976.4000244140625,936.0,968.7000122070312,968.7000122070312,249482,PAYTM.BO
972.9500122070312,998.2999877929688,961.4000244140625,987.3499755859375,987.3499755859375,337668,PAYTM.BO
989.0,992.0499877929688,882.0999755859375,922.6500244140625,922.6500244140625,273793,PAYTM.BO
929.9500122070312,937.7999877929688,884.6500244140625,915.9500122070312,915.9500122070312,215341,PAYTM.BO
906.25,909.5499877929688,870.0499877929688,876.3499755859375,876.3499755859375,123181,PAYTM.BO
884.5999755859375,914.7999877929688,882.75,895.8499755859375,895.8499755859375,180840,PAYTM.BO
903.2000122070312,937.9000244140625,895.9000244140625,924.5499877929688,924.5499877929688,66862,PAYTM.BO
943.9500122070312,952.5999755859375,912.2000122070312,920.9500122070312,920.9500122070312,155667,PAYTM.BO
920.7999877929688,928.0,908.6500244140625,913.4000244140625,913.4000244140625,93636,PAYTM.BO
924.0,928.2999877929688,913.6500244140625,920.7999877929688,920.7999877929688,93294,PAYTM.BO
926.9500122070312,928.5999755859375,897.0,903.7999877929688,903.7999877929688,158524,PAYTM.BO
914.0,914.75,876.2000122070312,880.2999877929688,880.2999877929688,100428,PAYTM.BO
887.9500122070312,893.7000122070312,876.9500122070312,881.25,881.25,91091,PAYTM.BO
885.0,906.7999877929688,885.0,897.4000244140625,897.4000244140625,87698,PAYTM.BO
900.0,904.0,890.2000122070312,894.2000122070312,894.2000122070312,66418,PAYTM.BO
898.4500122070312,898.4500122070312,880.2999877929688,893.3499755859375,893.3499755859375,37694,PAYTM.BO
891.9500122070312,899.0999755859375,890.7000122070312,893.5999755859375,893.5999755859375,59484,PAYTM.BO
913.0499877929688,925.0,903.4000244140625,919.5,919.5,116580,PAYTM.BO
922.0,922.0,898.5,905.4000244140625,905.4000244140625,151783,PAYTM.BO
896.9500122070312,896.9500122070312,870.2000122070312,888.0,888.0,295219,PAYTM.BO
894.0499877929688,905.0,890.6500244140625,900.9000244140625,900.9000244140625,59699,PAYTM.BO
909.8499755859375,918.0,894.4000244140625,913.0499877929688,913.0499877929688,80459,PAYTM.BO
915.0499877929688,922.2000122070312,910.0999755859375,918.6500244140625,918.6500244140625,216904,PAYTM.BO
919.9500122070312,926.7000122070312,910.5,922.7999877929688,922.7999877929688,40248,PAYTM.BO
922.75,922.75,880.0,893.0,893.0,1022806,PAYTM.BO
889.0,894.7000122070312,880.0,888.6500244140625,888.6500244140625,352586,PAYTM.BO
890.0499877929688,891.8499755859375,861.75,866.0499877929688,866.0499877929688,232351,PAYTM.BO
875.6500244140625,886.75,862.4500122070312,874.2000122070312,874.2000122070312,230035,PAYTM.BO
876.4500122070312,884.0,866.75,870.6500244140625,870.6500244140625,49162,PAYTM.BO
876.4500122070312,881.5,853.0,855.2999877929688,855.2999877929688,105270,PAYTM.BO
856.1500244140625,867.0,836.0,839.5,839.5,100897,PAYTM.BO
845.0,847.5999755859375,810.0499877929688,813.2999877929688,813.2999877929688,420448,PAYTM.BO
744.9500122070312,744.9500122070312,650.6500244140625,661.2999877929688,661.2999877929688,4850355,PAYTM.BO
673.8499755859375,680.0,637.3499755859375,651.9000244140625,651.9000244140625,1400118,PAYTM.BO
665.0,669.0,651.2000122070312,656.5499877929688,656.5499877929688,604633,PAYTM.BO
656.7000122070312,658.3499755859375,614.5,616.5,616.5,920746,PAYTM.BO
617.9500122070312,617.9500122070312,592.8499755859375,601.4500122070312,601.4500122070312,1118935,PAYTM.BO
604.0,615.9000244140625,604.0,606.2000122070312,606.2000122070312,916263,PAYTM.BO
603.6500244140625,609.4500122070312,600.4000244140625,605.8499755859375,605.8499755859375,480518,PAYTM.BO
610.7000122070312,624.2999877929688,607.6500244140625,615.7999877929688,615.7999877929688,338267,PAYTM.BO
623.9500122070312,625.75,618.5999755859375,622.5999755859375,622.5999755859375,820519,PAYTM.BO
627.7000122070312,635.8499755859375,610.0499877929688,614.5499877929688,614.5499877929688,5620541,PAYTM.BO
614.5499877929688,642.0499877929688,605.5999755859375,638.5,638.5,287487,PAYTM.BO
645.0,650.0,635.25,641.9000244140625,641.9000244140625,553103,PAYTM.BO
643.0499877929688,644.2000122070312,630.0,631.6500244140625,631.6500244140625,160575,PAYTM.BO
635.7000122070312,641.6500244140625,630.0,634.5,634.5,620489,PAYTM.BO
637.0499877929688,640.25,631.25,633.9500122070312,633.9500122070312,66300,PAYTM.BO
633.4000244140625,643.2000122070312,631.7999877929688,635.2999877929688,635.2999877929688,102211,PAYTM.BO
638.9000244140625,648.7999877929688,636.9000244140625,646.25,646.25,113632,PAYTM.BO
648.9000244140625,653.5,641.0,651.25,651.25,425089,PAYTM.BO
653.5499877929688,678.7000122070312,647.8499755859375,672.4500122070312,672.4500122070312,958129,PAYTM.BO
678.7999877929688,678.7999877929688,664.7000122070312,668.3499755859375,668.3499755859375,145135,PAYTM.BO
675.4500122070312,688.0499877929688,672.0999755859375,685.0,685.0,280892,PAYTM.BO
686.25,702.8499755859375,684.3499755859375,690.5,690.5,166319,PAYTM.BO
696.9500122070312,699.25,676.5999755859375,684.9500122070312,684.9500122070312,143931,PAYTM.BO
688.0,693.6500244140625,681.7000122070312,684.7999877929688,684.7999877929688,93247,PAYTM.BO
690.75,691.4500122070312,679.0,684.4500122070312,684.4500122070312,75741,PAYTM.BO
686.3499755859375,695.9500122070312,684.4500122070312,692.2000122070312,692.2000122070312,116491,PAYTM.BO
694.5999755859375,722.2999877929688,684.0,715.4500122070312,715.4500122070312,288043,PAYTM.BO
718.0,750.0,717.0,747.3499755859375,747.3499755859375,1024343,PAYTM.BO
740.1500244140625,769.0,730.2999877929688,735.8499755859375,735.8499755859375,542361,PAYTM.BO
761.0999755859375,788.6500244140625,760.0,773.9000244140625,773.9000244140625,794862,PAYTM.BO
794.8499755859375,794.8499755859375,736.7999877929688,755.4500122070312,755.4500122070312,565577,PAYTM.BO
750.1500244140625,759.5,744.1500244140625,752.7000122070312,752.7000122070312,155245,PAYTM.BO
759.75,767.4000244140625,756.3499755859375,762.9000244140625,762.9000244140625,4294258,PAYTM.BO
763.0999755859375,768.5,746.25,751.0999755859375,751.0999755859375,126117,PAYTM.BO
752.0999755859375,766.9500122070312,752.0999755859375,761.0999755859375,761.0999755859375,75034,PAYTM.BO
760.8499755859375,774.0,753.8499755859375,761.0,761.0,161008,PAYTM.BO
608.7999877929688,608.7999877929688,608.7999877929688,608.7999877929688,608.7999877929688,198191,PAYTM.BO
487.04998779296875,487.04998779296875,487.04998779296875,487.04998779296875,487.04998779296875,615676,PAYTM.BO
438.3500061035156,438.70001220703125,438.3500061035156,438.3500061035156,438.3500061035156,1144595,PAYTM.BO
401.0,472.5,395.5,451.6000061035156,451.6000061035156,2905895,PAYTM.BO
461.29998779296875,496.75,461.29998779296875,496.75,496.75,2581861,PAYTM.BO
524.0,526.4000244140625,447.1000061035156,447.1000061035156,447.1000061035156,2278788,PAYTM.BO
416.3500061035156,438.20001220703125,408.29998779296875,419.8500061035156,419.8500061035156,1781614,PAYTM.BO
428.75,436.0,411.1000061035156,422.6000061035156,422.6000061035156,1095159,PAYTM.BO
400.1000061035156,408.6499938964844,380.3500061035156,380.3500061035156,380.3500061035156,1591960,PAYTM.BO
353.5,360.0,342.3500061035156,342.3500061035156,342.3500061035156,1603549,PAYTM.BO
325.29998779296875,338.3999938964844,325.25,325.25,325.25,1104670,PAYTM.BO
318.75,341.5,318.3500061035156,341.5,341.5,2224554,PAYTM.BO
358.54998779296875,358.54998779296875,358.54998779296875,358.54998779296875,358.54998779296875,112836,PAYTM.BO
376.45001220703125,376.45001220703125,376.45001220703125,376.45001220703125,376.45001220703125,124664,PAYTM.BO
395.25,395.25,395.25,395.25,395.25,176831,PAYTM.BO
403.25,403.25,380.45001220703125,388.20001220703125,388.20001220703125,2111252,PAYTM.BO
395.0,407.6000061035156,385.1499938964844,407.6000061035156,407.6000061035156,404960,PAYTM.BO
416.8999938964844,427.95001220703125,416.8999938964844,427.95001220703125,427.95001220703125,721912,PAYTM.BO
426.79998779296875,449.29998779296875,413.54998779296875,427.5,427.5,1369198,PAYTM.BO
430.1000061035156,432.29998779296875,406.1499938964844,406.1499938964844,406.1499938964844,267152,PAYTM.BO
392.04998779296875,420.0,385.8500061035156,405.20001220703125,405.20001220703125,665828,PAYTM.BO
413.54998779296875,425.45001220703125,413.29998779296875,425.45001220703125,425.45001220703125,796692,PAYTM.BO
411.0,424.0,400.0,418.5,418.5,451645,PAYTM.BO
417.6499938964844,417.6499938964844,399.04998779296875,404.1000061035156,404.1000061035156,3220914,PAYTM.BO
404.6499938964844,404.6499938964844,384.0,393.0,393.0,182693,PAYTM.BO
401.25,405.5,396.95001220703125,401.04998779296875,401.04998779296875,201971,PAYTM.BO
402.54998779296875,409.1000061035156,386.45001220703125,389.8500061035156,389.8500061035156,404310,PAYTM.BO
386.04998779296875,391.0,370.3999938964844,370.3999938964844,370.3999938964844,568523,PAYTM.BO
370.04998779296875,370.79998779296875,351.8999938964844,351.8999938964844,351.8999938964844,411306,PAYTM.BO
334.3500061035156,361.8999938964844,334.3500061035156,353.25,353.25,683064,PAYTM.BO
370.8999938964844,370.8999938964844,366.29998779296875,370.8999938964844,370.8999938964844,489391,PAYTM.BO
377.29998779296875,389.3999938964844,374.0,389.3999938964844,389.3999938964844,1465524,PAYTM.BO
404.79998779296875,408.8500061035156,391.45001220703125,405.8500061035156,405.8500061035156,1317723,PAYTM.BO
415.6000061035156,425.8500061035156,406.3999938964844,420.20001220703125,420.20001220703125,277579,PAYTM.BO
431.20001220703125,437.45001220703125,406.0,411.1499938964844,411.1499938964844,422608,PAYTM.BO
412.04998779296875,417.29998779296875,397.8500061035156,402.5,402.5,396226,PAYTM.BO
401.75,404.5,393.8500061035156,398.25,398.25,470768,PAYTM.BO
397.95001220703125,414.8500061035156,394.0,396.8500061035156,396.8500061035156,319662,PAYTM.BO
402.04998779296875,404.8999938964844,398.29998779296875,402.75,402.75,487892,PAYTM.BO
402.75,408.45001220703125,399.0,406.20001220703125,406.20001220703125,285002,PAYTM.BO
409.54998779296875,421.6000061035156,404.6000061035156,416.45001220703125,416.45001220703125,346914,PAYTM.BO
416.79998779296875,419.04998779296875,410.0,410.95001220703125,410.95001220703125,186569,PAYTM.BO
413.5,416.95001220703125,409.1000061035156,410.6000061035156,410.6000061035156,204319,PAYTM.BO
410.6000061035156,422.54998779296875,409.6499938964844,417.70001220703125,417.70001220703125,153970,PAYTM.BO
414.70001220703125,421.79998779296875,411.1000061035156,412.3500061035156,412.3500061035156,174007,PAYTM.BO
415.25,416.45001220703125,402.79998779296875,404.29998779296875,404.29998779296875,177646,PAYTM.BO
398.75,404.1000061035156,388.0,400.5,400.5,472637,PAYTM.BO
400.54998779296875,401.0,391.1000061035156,391.8500061035156,391.8500061035156,66753,PAYTM.BO
375.04998779296875,398.25,375.04998779296875,389.6000061035156,389.6000061035156,270347,PAYTM.BO
389.6499938964844,397.3500061035156,385.0,391.3500061035156,391.3500061035156,48363,PAYTM.BO
400.45001220703125,404.54998779296875,386.75,388.3999938964844,388.3999938964844,175981,PAYTM.BO
385.54998779296875,387.8500061035156,377.0,377.8999938964844,377.8999938964844,68100,PAYTM.BO
382.20001220703125,384.3999938964844,376.04998779296875,377.79998779296875,377.79998779296875,146792,PAYTM.BO
384.29998779296875,384.6000061035156,375.70001220703125,382.8500061035156,382.8500061035156,173056,PAYTM.BO
385.3500061035156,391.29998779296875,380.29998779296875,382.70001220703125,382.70001220703125,135614,PAYTM.BO
381.6499938964844,382.79998779296875,378.04998779296875,379.04998779296875,379.04998779296875,126941,PAYTM.BO
380.1499938964844,381.79998779296875,376.0,376.8999938964844,376.8999938964844,189360,PAYTM.BO
378.6000061035156,380.0,374.0,377.79998779296875,377.79998779296875,184950,PAYTM.BO
378.25,378.54998779296875,371.8999938964844,372.3500061035156,372.3500061035156,164005,PAYTM.BO
372.1499938964844,386.04998779296875,366.54998779296875,371.6000061035156,371.6000061035156,121636,PAYTM.BO
372.54998779296875,375.95001220703125,368.0,370.20001220703125,370.20001220703125,54923,PAYTM.BO
358.95001220703125,358.95001220703125,351.70001220703125,351.70001220703125,351.70001220703125,316462,PAYTM.BO
350.95001220703125,351.6000061035156,334.1499938964844,334.1499938964844,334.1499938964844,432380,PAYTM.BO
330.54998779296875,331.0,317.45001220703125,317.45001220703125,317.45001220703125,567159,PAYTM.BO
314.0,333.29998779296875,310.0,333.29998779296875,333.29998779296875,1207505,PAYTM.BO
340.0,349.95001220703125,335.95001220703125,349.95001220703125,349.95001220703125,1017082,PAYTM.BO
357.70001220703125,359.0,335.3999938964844,343.3999938964844,343.3999938964844,346695,PAYTM.BO
343.1499938964844,343.6000061035156,333.3500061035156,339.70001220703125,339.70001220703125,60522,PAYTM.BO
339.79998779296875,347.6000061035156,331.45001220703125,343.25,343.25,101793,PAYTM.BO
343.54998779296875,350.0,339.0,341.79998779296875,341.79998779296875,168176,PAYTM.BO
343.70001220703125,346.8999938964844,338.25,342.1000061035156,342.1000061035156,54321,PAYTM.BO
343.3999938964844,361.5,341.5,351.75,351.75,229780,PAYTM.BO
356.8999938964844,369.29998779296875,344.6499938964844,368.8500061035156,368.8500061035156,702437,PAYTM.BO
368.0,368.0,353.54998779296875,356.20001220703125,356.20001220703125,374885,PAYTM.BO
353.25,354.0,339.0,340.95001220703125,340.95001220703125,223140,PAYTM.BO
341.79998779296875,357.95001220703125,341.79998779296875,356.54998779296875,356.54998779296875,600467,PAYTM.BO
359.45001220703125,364.0,341.54998779296875,342.45001220703125,342.45001220703125,135588,PAYTM.BO
359.54998779296875,359.54998779296875,359.54998779296875,359.54998779296875,359.54998779296875,240405,PAYTM.BO
377.5,377.5,377.5,377.5,377.5,235781,PAYTM.BO
386.0,396.3500061035156,358.6499938964844,361.20001220703125,361.20001220703125,2414984,PAYTM.BO
378.0,379.25,368.45001220703125,375.95001220703125,375.95001220703125,1709493,PAYTM.BO
372.20001220703125,372.6000061035156,357.20001220703125,357.20001220703125,357.20001220703125,218860,PAYTM.BO
356.1499938964844,356.1499938964844,339.3500061035156,339.8500061035156,339.8500061035156,367940,PAYTM.BO
345.54998779296875,349.79998779296875,338.0,346.54998779296875,346.54998779296875,403210,PAYTM.BO
349.1000061035156,381.20001220703125,347.5,381.20001220703125,381.20001220703125,388526,PAYTM.BO
383.95001220703125,414.0,381.5,389.6000061035156,389.6000061035156,405893,PAYTM.BO
391.1499938964844,393.3500061035156,378.0,380.5,380.5,760273,PAYTM.BO
382.0,418.0,376.8500061035156,402.6499938964844,402.6499938964844,695265,PAYTM.BO
407.95001220703125,438.95001220703125,405.29998779296875,428.5,428.5,2231652,PAYTM.BO
436.3500061035156,440.0,421.04998779296875,424.8999938964844,424.8999938964844,802225,PAYTM.BO
438.0,442.1499938964844,411.6499938964844,417.1000061035156,417.1000061035156,5037798,PAYTM.BO
419.29998779296875,423.20001220703125,404.1499938964844,410.3999938964844,410.3999938964844,215052,PAYTM.BO
413.95001220703125,420.0,410.5,411.6499938964844,411.6499938964844,310533,PAYTM.BO
411.04998779296875,414.8500061035156,402.45001220703125,411.29998779296875,411.29998779296875,358094,PAYTM.BO
409.1000061035156,416.8999938964844,406.1499938964844,410.5,410.5,329630,PAYTM.BO
414.0,424.29998779296875,409.1000061035156,413.29998779296875,413.29998779296875,177441,PAYTM.BO
413.3500061035156,414.29998779296875,407.0,409.45001220703125,409.45001220703125,202240,PAYTM.BO
409.6499938964844,410.75,400.25,404.1499938964844,404.1499938964844,281102,PAYTM.BO
403.29998779296875,411.29998779296875,400.29998779296875,402.20001220703125,402.20001220703125,128165,PAYTM.BO
402.54998779296875,423.54998779296875,402.54998779296875,411.70001220703125,411.70001220703125,718691,PAYTM.BO
412.8999938964844,423.0,409.1000061035156,420.79998779296875,420.79998779296875,157588,PAYTM.BO
422.6499938964844,425.0,415.0,417.5,417.5,104646,PAYTM.BO
417.54998779296875,430.04998779296875,411.20001220703125,412.6499938964844,412.6499938964844,128961,PAYTM.BO
413.54998779296875,442.0,412.29998779296875,436.6000061035156,436.6000061035156,1004831,PAYTM.BO
437.54998779296875,479.70001220703125,437.54998779296875,472.04998779296875,472.04998779296875,1611189,PAYTM.BO
477.6499938964844,477.6499938964844,448.8999938964844,461.79998779296875,461.79998779296875,317607,PAYTM.BO
465.0,474.45001220703125,453.6000061035156,467.04998779296875,467.04998779296875,697694,PAYTM.BO
468.70001220703125,491.5,468.70001220703125,479.1000061035156,479.1000061035156,340285,PAYTM.BO
480.0,482.6000061035156,461.25,467.25,467.25,147509,PAYTM.BO
465.3999938964844,475.8999938964844,461.79998779296875,469.1499938964844,469.1499938964844,379776,PAYTM.BO
465.0,471.45001220703125,454.8500061035156,459.75,459.75,123239,PAYTM.BO
455.1499938964844,464.6000061035156,442.8500061035156,445.04998779296875,445.04998779296875,163938,PAYTM.BO
438.95001220703125,472.1499938964844,425.6499938964844,458.70001220703125,458.70001220703125,521950,PAYTM.BO
449.3500061035156,462.0,444.29998779296875,453.0,453.0,161746,PAYTM.BO
453.0,464.3500061035156,436.75,457.20001220703125,457.20001220703125,337810,PAYTM.BO
453.45001220703125,467.95001220703125,448.3500061035156,455.95001220703125,455.95001220703125,107363,PAYTM.BO
450.5,464.20001220703125,448.70001220703125,462.6000061035156,462.6000061035156,88472,PAYTM.BO
458.1499938964844,508.8500061035156,458.1499938964844,508.8500061035156,508.8500061035156,373427,PAYTM.BO
514.9500122070312,518.7000122070312,490.3500061035156,493.20001220703125,493.20001220703125,464875,PAYTM.BO
498.04998779296875,513.0,495.0,497.25,497.25,294075,PAYTM.BO
495.8500061035156,507.54998779296875,493.0,494.1000061035156,494.1000061035156,224329,PAYTM.BO
498.5,520.0999755859375,492.3500061035156,497.20001220703125,497.20001220703125,273787,PAYTM.BO
494.04998779296875,542.5,492.5,526.75,526.75,1516558,PAYTM.BO
516.2000122070312,516.2000122070312,481.75,498.79998779296875,498.79998779296875,547374,PAYTM.BO
503.04998779296875,522.1500244140625,482.8999938964844,487.25,487.25,364768,PAYTM.BO
501.8500061035156,510.8500061035156,493.45001220703125,506.95001220703125,506.95001220703125,182871,PAYTM.BO
507.3999938964844,534.8499755859375,501.70001220703125,508.45001220703125,508.45001220703125,1090072,PAYTM.BO
519.9500122070312,521.6500244140625,509.0,512.25,512.25,294598,PAYTM.BO
502.1000061035156,526.7999877929688,499.25,514.5499877929688,514.5499877929688,712960,PAYTM.BO
514.5999755859375,524.2000122070312,503.8999938964844,505.8500061035156,505.8500061035156,265337,PAYTM.BO
508.8999938964844,546.5,505.1000061035156,539.5999755859375,539.5999755859375,638789,PAYTM.BO
543.3499755859375,569.0,536.25,563.9000244140625,563.9000244140625,1104629,PAYTM.BO
565.0,594.2000122070312,565.0,573.2000122070312,573.2000122070312,561611,PAYTM.BO
575.6500244140625,584.9500122070312,567.25,572.75,572.75,689435,PAYTM.BO
574.0499877929688,583.1500244140625,570.0999755859375,573.0999755859375,573.0999755859375,247808,PAYTM.BO
585.0,604.4500122070312,537.9500122070312,554.0,554.0,1211296,PAYTM.BO
557.9000244140625,571.0,551.1500244140625,554.5,554.5,861203,PAYTM.BO
560.0,565.4500122070312,505.25,530.0499877929688,530.0499877929688,1424475,PAYTM.BO
548.0499877929688,559.6500244140625,534.9500122070312,538.0499877929688,538.0499877929688,641540,PAYTM.BO
558.0499877929688,565.0,540.0499877929688,554.4500122070312,554.4500122070312,981579,PAYTM.BO
556.1500244140625,631.2999877929688,543.2000122070312,621.7999877929688,621.7999877929688,2145102,PAYTM.BO
620.9500122070312,633.9000244140625,587.1500244140625,609.75,609.75,961817,PAYTM.BO
608.9500122070312,614.8499755859375,593.3499755859375,595.5999755859375,595.5999755859375,721808,PAYTM.BO
586.0499877929688,620.7000122070312,584.2999877929688,614.0999755859375,614.0999755859375,1100202,PAYTM.BO
617.0,633.5,611.0,626.9500122070312,626.9500122070312,902391,PAYTM.BO
622.0,631.9500122070312,598.2999877929688,602.7999877929688,602.7999877929688,962008,PAYTM.BO
604.0499877929688,639.0,584.3499755859375,628.0,628.0,779427,PAYTM.BO
638.9500122070312,687.2999877929688,633.7000122070312,653.7000122070312,653.7000122070312,2690039,PAYTM.BO
655.3499755859375,683.0,651.0499877929688,667.0,667.0,1923769,PAYTM.BO
674.5499877929688,683.9500122070312,655.5,666.3499755859375,666.3499755859375,1453991,PAYTM.BO
668.3499755859375,676.0,650.0,654.6500244140625,654.6500244140625,620964,PAYTM.BO
658.5999755859375,687.7000122070312,658.5999755859375,681.7000122070312,681.7000122070312,614859,PAYTM.BO
681.0499877929688,683.0,657.0999755859375,664.5,664.5,433602,PAYTM.BO
664.5499877929688,703.3499755859375,664.5499877929688,671.25,671.25,1199117,PAYTM.BO
676.9500122070312,683.6500244140625,628.8499755859375,654.7999877929688,654.7999877929688,547174,PAYTM.BO
660.0,670.0,651.8499755859375,663.6500244140625,663.6500244140625,288677,PAYTM.BO
665.0,675.4500122070312,648.75,651.5,651.5,207923,PAYTM.BO
656.75,688.2999877929688,651.5,681.3499755859375,681.3499755859375,588882,PAYTM.BO
677.0499877929688,694.75,677.0499877929688,686.9500122070312,686.9500122070312,652645,PAYTM.BO
689.8499755859375,724.8499755859375,678.25,705.25,705.25,1015810,PAYTM.BO
706.0499877929688,708.5999755859375,667.6500244140625,672.4000244140625,672.4000244140625,678127,PAYTM.BO
672.4000244140625,695.0,655.0499877929688,688.3499755859375,688.3499755859375,932752,PAYTM.BO
688.3499755859375,742.0,681.6500244140625,731.25,731.25,1867118,PAYTM.BO
703.0499877929688,755.5,700.0,727.3499755859375,727.3499755859375,946199,PAYTM.BO
727.2999877929688,732.0,691.2000122070312,695.2000122070312,695.2000122070312,807368,PAYTM.BO
698.0499877929688,712.6500244140625,637.3499755859375,651.5999755859375,651.5999755859375,1048228,PAYTM.BO
655.3499755859375,771.9500122070312,655.3499755859375,753.5999755859375,753.5999755859375,1380828,PAYTM.BO
751.0,766.8499755859375,725.9500122070312,741.2000122070312,741.2000122070312,1337741,PAYTM.BO
743.0499877929688,756.4500122070312,726.4000244140625,731.7000122070312,731.7000122070312,475562,PAYTM.BO
732.0,753.2999877929688,720.25,724.1500244140625,724.1500244140625,409209,PAYTM.BO
730.0,735.7999877929688,711.3499755859375,717.5999755859375,717.5999755859375,330172,PAYTM.BO
723.75,742.5999755859375,713.0,729.5999755859375,729.5999755859375,325500,PAYTM.BO
723.0499877929688,734.2999877929688,717.0,721.4000244140625,721.4000244140625,199066,PAYTM.BO
727.3499755859375,728.7000122070312,690.9000244140625,696.3499755859375,696.3499755859375,305197,PAYTM.BO
691.0,729.9000244140625,670.4000244140625,724.9500122070312,724.9500122070312,1032212,PAYTM.BO
723.0499877929688,745.4500122070312,706.25,725.8499755859375,725.8499755859375,485450,PAYTM.BO
728.0,728.0,669.6500244140625,687.2999877929688,687.2999877929688,705311,PAYTM.BO
715.5,771.25,700.1500244140625,745.0,745.0,2904096,PAYTM.BO
750.5999755859375,789.9500122070312,739.5999755859375,764.4000244140625,764.4000244140625,1252292,PAYTM.BO
765.8499755859375,767.7999877929688,714.4000244140625,744.5999755859375,744.5999755859375,822274,PAYTM.BO
746.0499877929688,758.5,726.7999877929688,733.0,733.0,782558,PAYTM.BO
734.75,748.3499755859375,725.4000244140625,744.4000244140625,744.4000244140625,338341,PAYTM.BO
745.25,778.3499755859375,745.25,758.9000244140625,758.9000244140625,591090,PAYTM.BO
764.8499755859375,772.75,756.6500244140625,761.4500122070312,761.4500122070312,128455,PAYTM.BO
755.8499755859375,769.9000244140625,747.75,750.7000122070312,750.7000122070312,213118,PAYTM.BO
765.0,804.1500244140625,762.8499755859375,797.3499755859375,797.3499755859375,490321,PAYTM.BO
800.0,813.25,790.6500244140625,795.7999877929688,795.7999877929688,321928,PAYTM.BO
796.9500122070312,855.0999755859375,788.5499877929688,848.1500244140625,848.1500244140625,1035748,PAYTM.BO
848.5,853.0499877929688,813.8499755859375,820.1500244140625,820.1500244140625,494558,PAYTM.BO
828.9500122070312,840.0,787.0,789.75,789.75,490721,PAYTM.BO
